EdgeSize,Mean
8,29.301318
9,37.888378
11,57.117578
14,88.126927
17,115.136905
20,141.443364
25,171.537039
30,198.237679
36,218.534468
44,235.216715
53,244.006289
64,258.040529
78,264.563064
94,269.192432
114,272.601784
138,271.298616
167,274.488125
202,276.216954
244,278.107272
296,280.009327
358,279.959609
432,280.947964
523,281.825430
633,282.677633
765,283.042816
925,283.547324
1119,283.635928
1354,281.414636
1637,282.185106
1980,281.114915
2394,280.239374
2896,280.531204
