EdgeSize,Mean
8,30.723811
9,40.650520
11,63.433995
14,102.491349
17,142.703010
20,184.880695
25,242.615254
30,293.686892
36,343.788093
44,387.802005
53,409.437601
64,447.594134
78,472.265012
94,487.276499
114,497.858316
138,497.248238
167,508.473776
202,512.748194
244,522.616879
296,528.994995
358,528.635983
432,533.304220
523,535.635209
633,536.291551
765,538.122254
925,540.009163
1119,540.653504
1354,526.930324
1637,519.380553
1980,508.023279
2394,509.581543
2896,505.178774
