EdgeSize,Mean
8,31.325711
9,41.621182
11,64.766913
14,104.538512
17,147.184715
20,189.210186
25,252.647288
30,304.703074
36,351.699255
44,373.005075
53,409.487281
64,435.108601
78,464.139248
94,482.631508
114,496.249833
138,434.794958
167,444.258071
202,441.906802
244,449.754324
296,452.911664
358,451.411538
432,456.517725
523,457.346678
633,459.057747
765,461.429478
925,464.755953
1119,462.588045
1354,455.653038
1637,450.255177
1980,449.929368
2394,447.557535
2896,449.505545
