Time,Bandwith
100,505301.145905
1000,625963.236072
10000,240740.694439
