MinRuntime,Bandwith
100,3156.835180
1000,3121.875985
10000,2374.266243
