Time,Bandwith
100,4609.218138
1000,4622.731428
10000,1761.005319
