MinRuntime,Bandwith
100,2272.206791
1000,2300.667461
10000,2269.868820
