MinRuntime,Bandwith
100,32233.359394
1000,368300.686564
10000,160397.883665
