MinRuntime,Bandwith
100,209006.457106
1000,997766.265180
10000,175951.352308
